<?xml version="1.0" encoding="utf-8"?>
<!--
- phpMyAdmin XML Dump
- version 4.7.4
- https://www.phpmyadmin.net
-
- Host: 127.0.0.1
- Generation Time: 21-Jun-2019 às 21:07
- Versão do servidor: 10.1.30-MariaDB
- PHP Version: 7.2.1
-->

<pma_xml_export version="1.0" xmlns:pma="https://www.phpmyadmin.net/some_doc_url/">
    <!--
    - Structure schemas
    -->
    <pma:structure_schemas>
        <pma:database name="loja" collation="latin1_swedish_ci" charset="latin1">
            <pma:table name="categorias">
                CREATE TABLE `categorias` (
                  `id` int(11) NOT NULL AUTO_INCREMENT,
                  `nome` varchar(255) DEFAULT NULL,
                  PRIMARY KEY (`id`)
                ) ENGINE=InnoDB AUTO_INCREMENT=5 DEFAULT CHARSET=latin1;
            </pma:table>
            <pma:table name="produtos">
                CREATE TABLE `produtos` (
                  `id` int(11) NOT NULL AUTO_INCREMENT,
                  `nome` varchar(255) DEFAULT NULL,
                  `preco` decimal(10,2) DEFAULT NULL,
                  `descricao` text,
                  `categoria_id` int(11) DEFAULT NULL,
                  `usado` tinyint(1) DEFAULT '0',
                  PRIMARY KEY (`id`)
                ) ENGINE=InnoDB AUTO_INCREMENT=16 DEFAULT CHARSET=latin1;
            </pma:table>
        </pma:database>
    </pma:structure_schemas>

    <!--
    - Database: 'loja'
    -->
    <database name="loja">
        <!-- Tabela categorias -->
        <table name="categorias">
            <column name="id">1</column>
            <column name="nome">esporte</column>
        </table>
        <table name="categorias">
            <column name="id">2</column>
            <column name="nome">escolar</column>
        </table>
        <table name="categorias">
            <column name="id">3</column>
            <column name="nome">mobilidade</column>
        </table>
        <table name="categorias">
            <column name="id">4</column>
            <column name="nome">eletrônicos</column>
        </table>
        <!-- Tabela produtos -->
        <table name="produtos">
            <column name="id">1</column>
            <column name="nome">bicicleta</column>
            <column name="preco">300.00</column>
            <column name="descricao">descrição do produto</column>
            <column name="categoria_id">3</column>
            <column name="usado">0</column>
        </table>
        <table name="produtos">
            <column name="id">2</column>
            <column name="nome">aVIÃƒO</column>
            <column name="preco">458.00</column>
            <column name="descricao">descrição do produto</column>
            <column name="categoria_id">3</column>
            <column name="usado">0</column>
        </table>
        <table name="produtos">
            <column name="id">3</column>
            <column name="nome">Bicileta</column>
            <column name="preco">45.00</column>
            <column name="descricao">descrição do produto</column>
            <column name="categoria_id">3</column>
            <column name="usado">0</column>
        </table>
        <table name="produtos">
            <column name="id">4</column>
            <column name="nome">LÃ¡pis</column>
            <column name="preco">900.00</column>
            <column name="descricao">descrição do produto</column>
            <column name="categoria_id">3</column>
            <column name="usado">0</column>
        </table>
        <table name="produtos">
            <column name="id">5</column>
            <column name="nome">LÃ¡pis</column>
            <column name="preco">900.00</column>
            <column name="descricao">descrição do produto</column>
            <column name="categoria_id">3</column>
            <column name="usado">0</column>
        </table>
        <table name="produtos">
            <column name="id">6</column>
            <column name="nome">LÃ¡pis</column>
            <column name="preco">900.00</column>
            <column name="descricao">descrição do produto</column>
            <column name="categoria_id">3</column>
            <column name="usado">0</column>
        </table>
        <table name="produtos">
            <column name="id">8</column>
            <column name="nome">LÃ¡pis</column>
            <column name="preco">900.00</column>
            <column name="descricao">descrição do produto</column>
            <column name="categoria_id">3</column>
            <column name="usado">0</column>
        </table>
        <table name="produtos">
            <column name="id">9</column>
            <column name="nome">LÃ¡pis</column>
            <column name="preco">900.00</column>
            <column name="descricao">descrição do produto</column>
            <column name="categoria_id">3</column>
            <column name="usado">0</column>
        </table>
        <table name="produtos">
            <column name="id">10</column>
            <column name="nome">LÃ¡pis</column>
            <column name="preco">900.00</column>
            <column name="descricao">descrição do produto</column>
            <column name="categoria_id">3</column>
            <column name="usado">0</column>
        </table>
        <table name="produtos">
            <column name="id">12</column>
            <column name="nome">LÃ¡pis</column>
            <column name="preco">900.00</column>
            <column name="descricao">descrição do produto</column>
            <column name="categoria_id">3</column>
            <column name="usado">0</column>
        </table>
        <table name="produtos">
            <column name="id">13</column>
            <column name="nome">Garrafa</column>
            <column name="preco">1500.00</column>
            <column name="descricao">Parar tomar Ã¡gua no coforto</column>
            <column name="categoria_id">3</column>
            <column name="usado">0</column>
        </table>
        <table name="produtos">
            <column name="id">14</column>
            <column name="nome">Note</column>
            <column name="preco">15000.00</column>
            <column name="descricao">Trabalho</column>
            <column name="categoria_id">3</column>
            <column name="usado">0</column>
        </table>
        <table name="produtos">
            <column name="id">15</column>
            <column name="nome">Pudim de chocolate</column>
            <column name="preco">5.00</column>
            <column name="descricao">Delicioso pudim de chocolate branco e preto.</column>
            <column name="categoria_id">1</column>
            <column name="usado">0</column>
        </table>
    </database>
</pma_xml_export>